Datetime,Water Level (m)
2025-02-18 00:00:00,0.31103742
2025-02-18 01:00:00,0.09971273
2025-02-18 02:00:00,-0.09879279
2025-02-18 03:00:00,-0.25148773
2025-02-18 04:00:00,-0.38581944
2025-02-18 05:00:00,-0.510978
2025-02-18 06:00:00,-0.62132317
2025-02-18 07:00:00,-0.6755552
2025-02-18 08:00:00,-0.4858977
2025-02-18 09:00:00,-0.20940477
2025-02-18 10:00:00,0.05272173
2025-02-18 11:00:00,0.22865298
2025-02-18 12:00:00,0.28134936
2025-02-18 13:00:00,0.1631585
2025-02-18 14:00:00,-0.04395103
2025-02-18 15:00:00,-0.21078227
2025-02-18 16:00:00,-0.34191105
2025-02-18 17:00:00,-0.45715207
2025-02-18 18:00:00,-0.551632
2025-02-18 19:00:00,-0.56625104
2025-02-18 20:00:00,-0.3563788
2025-02-18 21:00:00,-0.11278408
2025-02-18 22:00:00,0.09868462
2025-02-18 23:00:00,0.22641447
2025-02-19 00:00:00,0.23947376
2025-02-19 01:00:00,0.094256744
2025-02-19 02:00:00,-0.10345243
2025-02-19 03:00:00,-0.2613087
2025-02-19 04:00:00,-0.39299205
2025-02-19 05:00:00,-0.5144201
2025-02-19 06:00:00,-0.622102
2025-02-19 07:00:00,-0.6949091
2025-02-19 08:00:00,-0.5955807
2025-02-19 09:00:00,-0.3509022
2025-02-19 10:00:00,-0.1122348
2025-02-19 11:00:00,0.07117827
2025-02-19 12:00:00,0.17061277
2025-02-19 13:00:00,0.16026567
2025-02-19 14:00:00,0.016627464
2025-02-19 15:00:00,-0.15532279
2025-02-19 16:00:00,-0.2892835
2025-02-19 17:00:00,-0.3995775
2025-02-19 18:00:00,-0.49409613
2025-02-19 19:00:00,-0.5551083
2025-02-19 20:00:00,-0.47559056
2025-02-19 21:00:00,-0.25330546
2025-02-19 22:00:00,-0.048060328
2025-02-19 23:00:00,0.08913739
2025-02-20 00:00:00,0.13590053
2025-02-20 01:00:00,0.058013655
2025-02-20 02:00:00,-0.11529542
2025-02-20 03:00:00,-0.2736431
2025-02-20 04:00:00,-0.40579686
2025-02-20 05:00:00,-0.5196722
2025-02-20 06:00:00,-0.6200837
2025-02-20 07:00:00,-0.6981201
2025-02-20 08:00:00,-0.7021638
2025-02-20 09:00:00,-0.5272277
2025-02-20 10:00:00,-0.31613907
2025-02-20 11:00:00,-0.12519297
2025-02-20 12:00:00,0.0039719497
2025-02-20 13:00:00,0.06692301
2025-02-20 14:00:00,0.035266954
2025-02-20 15:00:00,-0.10160738
2025-02-20 16:00:00,-0.24124365
2025-02-20 17:00:00,-0.35415342
2025-02-20 18:00:00,-0.44240546
2025-02-20 19:00:00,-0.5079917
2025-02-20 20:00:00,-0.52951324
2025-02-20 21:00:00,-0.4449247
2025-02-20 22:00:00,-0.2873547
2025-02-20 23:00:00,-0.1475793
2025-02-21 00:00:00,-0.06557019
2025-02-21 01:00:00,-0.05499965
2025-02-21 02:00:00,-0.14700128
2025-02-21 03:00:00,-0.28888187
2025-02-21 04:00:00,-0.42179546
2025-02-21 05:00:00,-0.53403133
2025-02-21 06:00:00,-0.62726516
2025-02-21 07:00:00,-0.70178705
2025-02-21 08:00:00,-0.7401832
2025-02-21 09:00:00,-0.67516345
2025-02-21 10:00:00,-0.51240504
2025-02-21 11:00:00,-0.34001005
2025-02-21 12:00:00,-0.19367181
2025-02-21 13:00:00,-0.08025043
2025-02-21 14:00:00,-0.015622893
2025-02-21 15:00:00,-0.019259978
2025-02-21 16:00:00,-0.10401583
2025-02-21 17:00:00,-0.2234353
2025-02-21 18:00:00,-0.32430947
2025-02-21 19:00:00,-0.40251446
2025-02-21 20:00:00,-0.45348844
2025-02-21 21:00:00,-0.46060458
2025-02-21 22:00:00,-0.3961269
2025-02-21 23:00:00,-0.29082033
2025-02-22 00:00:00,-0.2021874
2025-02-22 01:00:00,-0.16504475
2025-02-22 02:00:00,-0.18611526
2025-02-22 03:00:00,-0.2728869
2025-02-22 04:00:00,-0.38177353
2025-02-22 05:00:00,-0.48565283
2025-02-22 06:00:00,-0.5747124
2025-02-22 07:00:00,-0.64561266
2025-02-22 08:00:00,-0.69838786
2025-02-22 09:00:00,-0.7271267
2025-02-22 10:00:00,-0.69609916
2025-02-22 11:00:00,-0.56873703
2025-02-22 12:00:00,-0.42398652
2025-02-22 13:00:00,-0.28037128
2025-02-22 14:00:00,-0.15006441
2025-02-22 15:00:00,-0.057763424
2025-02-22 16:00:00,-0.018375441
2025-02-22 17:00:00,-0.041260436
2025-02-22 18:00:00,-0.12895584
2025-02-22 19:00:00,-0.23628084
2025-02-22 20:00:00,-0.32955194
2025-02-22 21:00:00,-0.41076684
2025-02-22 22:00:00,-0.47707936
2025-02-22 23:00:00,-0.5208838
2025-02-23 00:00:00,-0.5332119
2025-02-23 01:00:00,-0.48421487
2025-02-23 02:00:00,-0.38993794
2025-02-23 03:00:00,-0.31377804
2025-02-23 04:00:00,-0.28329274
2025-02-23 05:00:00,-0.3126731
2025-02-23 06:00:00,-0.39286417
2025-02-23 07:00:00,-0.4875809
2025-02-23 08:00:00,-0.5759129
2025-02-23 09:00:00,-0.65205276
2025-02-23 10:00:00,-0.7114188
2025-02-23 11:00:00,-0.74466646
2025-02-23 12:00:00,-0.69924647
2025-02-23 13:00:00,-0.550433
2025-02-23 14:00:00,-0.37064278
2025-02-23 15:00:00,-0.19229676
2025-02-23 16:00:00,-0.044817932
2025-02-23 17:00:00,0.056536727
2025-02-23 18:00:00,0.08701367
2025-02-23 19:00:00,0.022641296
2025-02-23 20:00:00,-0.11885748
2025-02-23 21:00:00,-0.25408706
2025-02-23 22:00:00,-0.3721727
2025-02-23 23:00:00,-0.47596404
2025-02-24 00:00:00,-0.5640121
